"","gender","hdl","ldl","tg"
"1","female",0.137380655306888,0.0485445439647612,0.124844593700197
"2","male",0.199114798676879,0.0371575932004129,0.0658253885395834
